English,Russian,Ru-Abbreviation,En-Abbreviation
%,%,,
1/min,в мин,,
2D mode,2D режим,,
5 Point Segment Finding Scale,5-балльная шкала для определения сегментов,,
Acceleration Slope,Скорость нарастания,AT,AT
Acceleration Time,Время ускорения,,
Akinesis,Акинез,,
Antegrade Flow,Антеградный кровоток,,
Aorta,Аорта,,
Aortic Root Diameter,Диаметр корня аорты,,
Aortic Valve,Аортальный клапан,,
Aortic Valve Cusp Separation,Сепарация створок аортального клапана,,
Aortic Valve Ejection Time,Время изгнания на аортмальном клапане,,
Apical four chamber,Апикальная четырехкамерная позиция,Ap4,Ap4
Apical two chamber,Апикальная двухкамерная позиция,Ap2,Ap2
Area,Площадь,,
Area by Pressure Half-Time,Площадь по времени полуспада градиента давления,,
Area-Length Biplane,Площадь—длина в двух плоскостях,,
Area-Length Single Plane,Площадь—длина в одной плоскости,,
Ascending Aortic Diameter,Диаметр восходящей аорты,,
Assessment Scale,Шкала оценки,,
Associated Morphology,Ассоциированные морфологические варианты,,
Atrial Septal Defect,Дефект межпредсердной перегородки,ДМПП,ASD
Average Annulus E Velocity,Средняя скорость подъема кольца митрального клапана,e'(avg),e'(ср.)
Cardiac Cycle Point,Момент сердечного цикла,,
Cardiac Output,Сердечный выброс,,
Cardiac Shunt Study,Исследование сброса,,
Cardiac Wall Motion,Локальная сократимость,,
Cardiovascular Orifice Area,Площадь отверстия,,
Cardiovascular Orifice Diameter,Диаметр отверстия,,
cm,см,,
cm2,см²,,
Continuity Equation by Peak Velocity,Уравнение непрерывности потока (по Vmax),,
Continuity Equation by Velocity Time Integral,Уравнение непрерывности потока (по VTI),,
Cube Method,Кубический метод,,
Deceleration Slope,Скорость замедления,,
Deceleration Time,Время замедления,,
Derivated_from,Исходные значения,,
Derivation,Способ вывода,,
Descending Aortic Diameter,Диаметр нисходящей аорты,,
Diameter,Диаметр,,
Diastole,Диастола,,
Direction of Flow,Направление кровотока,,
Distance,Расстояние,,
Doppler Pulsed,Импульсное допплеровское исследование,PW,PW
During Expiration,На выдохе,,
During Inspiration,На вдохе,,
Dyskinesis,Дискинез,,
E Velocity to Annulus E Velocity Ratio,E/e',,
E Velocity to Average Annulus E Velocity,E/e' (среднее),,
Early Diastole,Ранняя диастола,,
Echocardiography for Determining Ventricular Contraction,Определение сокращения желудочков,,
Ejection Time,Время изгнания,,
End Diastole,Конец диастолы,,
End Systole,Конце систолы,,
Endocardial Area,Эндокардиальная площадь,,
Epicardial Area,Эпикардиальная площадь,,
Finding Site,Локализация,,
Findings,Находки,,
g,г,,
Heart rate,Частота сердечных сокращений,HR,ЧСС
HR-Corrected Mean Velocity of Circumferential Fiber Shortening,Средняя скорость циркулярного укорочения с поправкой на ЧСС,,
Hypokinesis,Гипокинез,,
Image Mode,Режим,,
Image View,Позиция,,
Inferior Vena Cava % Collapse,"Спадение нижней полой вены, %",,
Inferior Vena Cava Diameter,Диаметр нижней полой вены,НПВ,IVC
Interventricular Septum % Thickening,"Утолщение межжелудочковой перегородки, %",,
Interventricular Septum Diastolic Thickness,Диастолическая толщина межжелудочковой перегородки,,
Interventricular Septum Systolic Thickness,Систолическая толщина межжелудочковой перегородки,,
l/min,л/мин,,
Lateral Mitral Annulus,Латеральная часть митрального кольца,,
Left Atrial End Diastolic Volume,Конечно-диастолический объем левого предсердия,КДО ЛП,LA-V(d)
Left Atrium,Левое предсердие,ЛП,LA
Left Atrium Antero-posterior Systolic Dimension,Передне-задний размер левого предсердия (систола),,
Left Atrium Area A4C view,Площадь левого предсердия (в 4-камерной позиции),Площадь ЛП (Ap4),LA-A (Ap4)
Left Atrium Area on Apical two chamber view,Площадь левого предсердия (2-х камерная позиция),Площадь ЛП (Ap2),LA-A (Ap2)
Left Atrium Length on Apical two chamber view,Длина левого предсердия (2-х камерная позиция),,
"Left Atrium Superior-Inferior Dimension, 4-chamber view",Верхне-нижняя ось левого предсердия (4-х камерная позиция),,
Left Atrium Systolic Volume,Систолический объем левого предсердия,КСО ЛП,LA-V(s)
Left Atrium to Aortic Root Ratio,Отношение размера левого предсердия к размеру корня аорты,ЛП/Ао,LA/Ao
Left to right cardiovascular shunt,Сброс слева направо,,
Left Ventricle,Левый желудочек,,
left ventricle apical anterior segment,передний апикальный сегмент левого желудочка,передний апикальный сегмент,
left ventricle apical inferior segment,апикальный нижний сегмент левого желудочка,апикальный нижний сегмент,
left ventricle apical lateral segment,апикальный боковой сегмент левого желудочка,апикальный боковой сегмент,
left ventricle apical septal segment,апикальный перегородочный сегмент левого желудочка,апикальный перегородочный сегмент,
left ventricle basal anterior segment,базальный передний сегмент левого желудочка,базальный передний сегмент,
left ventricle basal anterolateral segment,базальный переднебоковой сегмент левого желудочка,базальный переднебоковой сегмент,
left ventricle basal anteroseptal segment,базальный переднеперегородочный сегмент левого желудочка,базальный переднеперегородочный сегмент,
left ventricle basal inferior segment,нижний базальный сегмент левого желудочка,нижний базальный сегмент,
left ventricle basal inferolateral segment,базальный нижнебоковой сегмент левого желудочка,базальный нижнебоковой сегмент,
left ventricle basal inferoseptal segment,базальный нижнеперегородочный сегмент левого желудочка,базальный нижнеперегородочный,
Left Ventricle diastolic major axis,Длинная ось левого желудочка (диастола),Длинная ось левого желудочка (диастола),
"Left Ventricle Epicardial Diastolic Area, psax pap view",Эпикардиальная площадь по короткой оси на уровне сосочковых мышц (диастола),,
Left Ventricle Internal End Diastolic Dimension,Конечно-диастолический размер левого желудока,,
Left Ventricle Internal Systolic Dimension,Систолический размер левого желудочка,,
Left Ventricle Mass,Масса левого желудочка,Масса ЛЖ,
Left Ventricle Mass by M-mode,Масса левого желудочка в М-режиме,,
left ventricle mid anterior segment,средний передний сегмент левого желудочка,,
left ventricle mid anterolateral segment,средний переднебоковой сегмент левого желудочка,,
left ventricle mid anteroseptal segment,средний переднеперегородочный сегмент левого желудочка,,
left ventricle mid inferior segment,средний нижний сегмент левого желудочка,,
left ventricle mid inferolateral segment,средний нижнебоковой сегмент левого желудочка,,
left ventricle mid inferoseptal segment,средний нижнеперегородочный сегмент левого желудочка,,
Left Ventricle Outflow Tract,Выносящий тракт левого желудочка,,
Left Ventricle Posterior Wall % Thickening,"Задняя стенка левого желудочка, % утолщения",,
Left Ventricle Posterior Wall Diastolic Thickness,"Толщина задней стенки левого желудочка, диастола",ЗСЛЖ (д),
Left Ventricle Posterior Wall Systolic Thickness,"Толщина задней стенки левого желудочка, систола",ЗСЛЖ (с),
Left Ventricle Pre Ejection Period,Период предызгнания левого желудочка,,
Left Ventricle systolic major axis,Длинная ось левого желудочка (систола),,
Left Ventricular Diastolic Area,Площадь левого желудочка (диастола),,
Left Ventricular Ejection Fraction,Фракция выброса левого желудочка,ФВ ЛЖ,
Left Ventricular End Diastolic Volume,Конечно-диастолический объем левого желудочка,КДО ЛЖ,
Left Ventricular End Systolic Volume,Конечно-систолический объем левого желудочка,КСО ЛЖ,
Left Ventricular Fractional Shortening,Фракция укорочения левого желудочка,,
Left Ventricular Isovolumic Contraction Time,Время изоволюмического сокращения левого желудочка,,
Left Ventricular Isovolumic Relaxation Time,Время изоволюмического расслабления левого желудочка,,
"Left Ventricular Major Axis Diastolic Dimension, 2-chamber view",Длинная ось левого желудочка в диастолу (2-камерная позиция),,
"Left Ventricular Major Axis Diastolic Dimension, 4-chamber view",Длинная ось левого желудочка в диастолу (4-камерная позиция),,
"Left Ventricular Major Axis Systolic Dimension, 2-chamber view",Длинная ось левого желудочка в систолу (2-камерная позиция),,
"Left Ventricular Major Axis Systolic Dimension, 4-chamber view",Длинная ось левого желудочка в систолу (4-камерная позиция),,
Left ventricular Pre-ejection time/Ejection time,Время предызгнания / время изгнания левого желудочка,,
Left Ventricular Systolic Area,Систолическая площадь левого желудочка,,
LV Wall Motion Score Index,Индекс локальной сократимости левого желудочка,,
M mode,M-режим,,
m/s,м/с,,
m/s2,м/с²,,
Main Pulmonary Artery Diameter,Диаметр ствола легочной артерии,,
Major Axis,Длинная ось,,
Mean,Среднее,,
Mean Gradient,Средний градиент,,
Mean value chosen,Выбрано среднее значение,,
Mean Velocity,Средняя скорость,,
Mean Velocity of Circumferencial Fibe Shortening (Mean VcFv),Средняя скорость циркулярного укорочения (среднее VcFv),,
measurement,измерение,,
Measurement Group,Группа измерений,,
Measurement Method,Методика измерения,,
Medial Mitral Annulus,Медиальная часть кольца митрального клапана,,
"Method of Disks, Biplane",Метод дисков в двух плоскостях,,
"Method of Disks, Single Plane",Метод дисков в одной плоскости,,
Minor Axis,Короткая ось,,
Mitral Annular Plane Systolic Excursion (MAPSE),Систолический подъем кольца митрального клапана (MAPSE),,
Mitral Annulus,Кольцо митрального клапана,,
Mitral Regurgitation dP/dt derived from Mitral Reg. velocity,dP/dt митральной регургитации,,
Mitral Valve,Митральный клапан,,
Mitral Valve (prosthetics),Митральный клапан (протез),,
Mitral Valve A-Wave Duration,Продолжительность волны А трансмитрального кровотока,,
Mitral Valve A-Wave Peak Velocity,Скорость A-волны митрального клапана,,
Mitral Valve D-E Excursion,Экскурсия митрального клапана в М-режиме (D-E),,
Mitral Valve E to A Ratio,Отношение E/A трансмитрального кровотока,,
Mitral Valve E-F Slope by M-Mode,Наклон E-F (митральный клапан в M-режиме),,
Mitral Valve E-Wave Peak Velocity,Скорость E-волны митрального клапана,,
Mitral Valve Ejection Time,Продолжительность трансмитрального кровотока ,,
"Mitral Valve EPSS, E wave",Митрально-септальная сепарация в точке Е (EPSS),EPSS,
ml,мл,,
mm[Hg],мм рт. ст.,,
mm[Hg]/s,мм рт. ст./с,,
Most recent value chosen,Выбрано последнее значение,,
ms,мс,,
Myocardial Wall,Стенка миокарда,,
Normal wall motion,Нормокинез,,
Not Visualized,Не визуализируется,,
Parasternal short axis,Парастернальная короткая ось,,
Parasternal short axis at the Mitral Valve level,Парастернальная короткая ось на уровне митрального клапана,,
Parasternal short axis at the Papillary Muscle level,Парастернальная короткая ось на уровне сосочковых мышц,,
Patent Ductus Arteriosus,Открытый артериальный проток,,
Patent Foramen Ovale,Открытое овальное окно,,
Peak Gradient,Пиковый градиент,,
Peak Tissue Velocity,Тканевая скорость,,
Peak Velocity,Пиковая скорость,Vmax,
Pericardial effusion,Перикардиальный выпот,,
Planimetry,Планиметрия,,
Postductal region of aortic arch,Постдуктальная часть дуги аорты,,
Preductal region of aortic arch,Предуктальная область дуги аорты,,
Pressure Half-Time,Время полуспада градиента давления,,
Procedure reported,Выполненная процедура,,
Proximal Isovelocity Surface Area,Площадь поверхности равных скоростей (PISA),PISA,
Pulmonary Artery,Легочная артерия,,
Pulmonary Vein A-Wave Duration,Продолжительность волны A кровотока в легочных венах,Adur (PV),
Pulmonary Vein Atrial Contraction Reversal Peak Velocity,Амплитуда волны A кровотока в легочных венах,A (PV),
Pulmonary Vein D-Wave Velocity Time Integral,Интеграл волны D кровотока в легочных венах,D-VTI (PV),
Pulmonary Vein Diastolic Peak Velocity,Волна D кровотока в легочных венах,D (PV),
Pulmonary Vein S-Wave Velocity Time Integral,Интеграл волны S кровотока в легочных венах,S-VTI (PV),
Pulmonary Vein Systolic Peak Velocity,Волна S кровотока в легочных венах,S (PV),
Pulmonary Vein Systolic to Diastolic Ratio,Соотношение S/D кровотока в легочных венах,S/D (PV),
Pulmonary Venous Structure,Легочные вены,,
Pulmonary-to-Systemic Shunt Flow Ratio,Отношение легочного кровотока к системному (Qp:Qs),Qp:Qs,
Pulmonic Valve,Клапан легочной артерии,,
Pulmonic Valve Ejection Time,Продолжительность изгнания на клапане легочной артерии,,
Ratio of Pulmonic Valve Acceleration Time to Ejection Time,Отношение времени ускорения кровотока к времени изгнания на клапане легочной артерии (AT/ET),PV AT/ET,
Regurgitant Flow,Поток регургитации,,
Respiratory Cycle Point,Момент дыхательного цикла,,
Right Atrium,Правое предсердие,,
Right Atrium Area on Apical four chamber view,Площадь правого предсердия (4-камерная позиция),,
Right Atrium End Diastolic volume,Конечно-диастолический объем правого предсердия,,
Right Atrium End Systolic volume,Конечно-систолический объем правого предсердия,,
"Right Atrium Superior-Inferior Dimension, 4-chamber view",Верхне-нижний размер правого предсердия (4-камерная позиция),,
Right Atrium Systolic Area,Площадь правого предсердия (систола),,
Right Atrium Systolic Pressure,Систолическое давление в правом предсердии,,
Right to left cardiovascular shunt,Сброс крови справа налево,,
Right Ventricle,Правый желудочек,,
Right Ventricle Outflow Tract,Выносящий тракт правого желудочка,ВТПЖ,
Right Ventricle Pre Ejection Period,Период предызгнания правого желудочка,,
Right Ventricular Anterior Wall Diastolic Thickness,Толщина передней стенки правого желудочка в диастолу,ПС ПЖ (Д),
"Right ventricular base Minor Axis at end diastole, 4-chamber view",Малая ось правого желудочка на уровне основания в диастолу (4-камерная позиция),,
Right ventricular fractional area change by US 2D,Фракция изменения площади правого желудочка,,
Right Ventricular Peak Systolic Pressure,Систолическая давление в правом желудочке,,
Right ventricular Pre-ejection time/Ejection time,Отношение времени предызгнания к времени изгнания правого желудочка,,
Scarred Myocardium,Рубец,,
Selection Status,Выбор,,
Sinus of Valsalva,Синус Вальсальвы,,
Stroke Volume,Ударный объем,УО,
Superior Vena Cava % Collapse,"Спадение верхней полой вены, %",,
Systole,Систола,,
Teichholz,Метод Тейхольца,,
Time duration of the VTI trace on Aortic Valve,Продолжительность интеграла кровотока на аортальном клапане,,
Time duration of the VTI trace on LVOT,Продолжительность интеграла кровотока в выносящем тракте левого желудочка,,
Time duration of the VTI trace on Pulmonic Valve,Продолжительность интеграла кровотока на клапане легочной артерии,,
Time duration of the VTI trace on RVOT,Продолжительность интеграла кровотока в выносящем тракте правого желудочка,,
Time from Q wave to Pulmonic Valve Closes,Время от зубца Q до закрытия клапана легочной артерии,,
Time from Q wave to Tricuspid Valve Opens,Время от зубца Q до открытия трехстворчатого клапана,,
Tricuspid Annular Plane Systolic Excursion (TAPSE),Систолический подъем кольца трехстворчатого клапана (TAPSE）,TAPSE,
Tricuspid Annulus,Кольцо трехстворчатого клапана,Кольцо ТК,
Tricuspid Valve,Трехстворчатый клапан,,
Units,Единицы,,
Value,Значение,Значение,
Valve C-E distance by US,Расстояние между точками C и E,,
Velocity Time Integral,Интеграл скорости по времени (VTI),VTI,
Vena Cava,Полая вена,,
Ventricular Aneurysm,Аневризма желудочка,Аневризма желудочка,
Ventricular Septal Defect,Дефект межжелудочковой перегородки,,
Wall Segment,Сегмент стенки желудочка,,
Peak Instantaneous Flow Rate,Максимальная скорость кровотока,,
Flow Radius,Радиус потока,,
Alias Velocity,Предел Найквиста,,
Volume Flow,Объем,,
Body Surface Area,Площадь поверхности тела,,
Subject Age,Возраст,,
Patient Height,Рост,,
Patient Weight,Вес,,
Systolic Blood Pressure,Систолическое АД,,
Diastolic Blood Pressure,Диастолическое АД,,
Doppler Color Flow,Цветное допплеровское исследование,,
Stroke Index,Индекс ударного объема,,
Cardiac Index,Сердечный индекс,,
Doppler Continuous Wave,Постоянно-волновое допплеровское исследование,CW,